X_mm,Y_mm,Z_mm,Importancia,Plano,Corte,Label
25.915389418475336,-73.6831501097758,79.85861809578475,1.0,Sagittal,28,PF OA
27.596801214869956,-63.63557939796322,68.41574336630492,1.0,Sagittal,28,PF OA
26.27928865806278,-71.75202287727981,70.56263573999104,1.0,Sagittal,28,PF OA
26.38547352579372,-71.09011225365202,70.60718221618835,1.0,Sagittal,28,PF OA
26.49165839352466,-70.4282016300242,70.65172869238566,1.0,Sagittal,28,PF OA
26.597843261255605,-69.76629100639641,70.69627516858296,1.0,Sagittal,28,PF OA
26.704028128986543,-69.10438038276861,70.74082164478027,1.0,Sagittal,28,PF OA
26.81021299671749,-68.4424697591408,70.78536812097758,1.0,Sagittal,28,PF OA
26.916397864448427,-67.780559135513,70.82991459717489,1.0,Sagittal,28,PF OA
27.02258273217937,-67.1186485118852,70.8744610733722,1.0,Sagittal,28,PF OA
27.12876759991031,-66.4567378882574,70.91900754956951,1.0,Sagittal,28,PF OA
27.234952467641254,-65.79482726462959,70.96355402576683,1.0,Sagittal,28,PF OA
27.341137335372196,-65.13291664100178,71.00810050196414,1.0,Sagittal,28,PF OA
27.447322203103138,-64.47100601737398,71.05264697816143,1.0,Sagittal,28,PF OA
27.55350707083408,-63.80909539374618,71.09719345435875,1.0,Sagittal,28,PF OA
27.65969193856502,-63.14718477011838,71.14173993055606,1.0,Sagittal,28,PF OA
26.077742458609865,-73.03246512558968,69.80318026558295,1.0,Sagittal,28,PF OA
26.183927326340807,-72.37055450196188,69.84772674178026,1.0,Sagittal,28,PF OA
26.29011219407175,-71.70864387833407,69.89227321797757,1.0,Sagittal,28,PF OA
26.39629706180269,-71.04673325470628,69.93681969417489,1.0,Sagittal,28,PF OA
26.50248192953363,-70.38482263107846,69.9813661703722,1.0,Sagittal,28,PF OA
26.608666797264576,-69.72291200745067,70.02591264656951,1.0,Sagittal,28,PF OA
26.714851664995514,-69.06100138382287,70.0704591227668,1.0,Sagittal,28,PF OA
26.82103653272646,-68.39909076019507,70.11500559896412,1.0,Sagittal,28,PF OA
26.927221400457398,-67.73718013656726,70.15955207516143,1.0,Sagittal,28,PF OA
26.173103790331837,-72.41393350090762,70.51808926379373,1.0,Sagittal,28,PF OA
26.066918922600895,-73.07584412453542,70.47354278759641,1.0,Sagittal,28,PF OA
27.648868402556054,-63.19056376906412,71.8121024525695,1.0,Sagittal,28,PF OA
26.26846512205381,-71.79540187622555,71.23299826200449,1.0,Sagittal,28,PF OA
27.000935660161435,-67.20540650977668,72.2151861173991,1.0,Sagittal,28,PF OA
27.107120527892377,-66.54349588614888,72.25973259359641,1.0,Sagittal,28,PF OA
27.21330539562332,-65.88158526252107,72.30427906979372,1.0,Sagittal,28,PF OA
27.31949026335426,-65.21967463889327,72.34882554599103,1.0,Sagittal,28,PF OA
27.425675131085203,-64.55776401526546,72.39337202218833,1.0,Sagittal,28,PF OA
27.531859998816145,-63.895853391637665,72.43791849838564,1.0,Sagittal,28,PF OA
26.218448426726457,-72.46853813929508,61.08846747940807,1.0,Sagittal,28,PF OA
27.638044866547087,-63.23394276800986,72.48246497458295,1.0,Sagittal,28,PF OA
26.056095386591927,-73.11922312348116,71.14390530960986,1.0,Sagittal,28,PF OA
26.16228025432287,-72.45731249985336,71.18845178580717,1.0,Sagittal,28,PF OA
26.37464998978475,-71.13349125259776,71.2775447382018,1.0,Sagittal,28,PF OA
27.54268353482511,-63.852474392691924,71.7675559763722,1.0,Sagittal,28,PF OA
26.480834857515696,-70.47158062896995,71.32209121439911,1.0,Sagittal,28,PF OA
26.587019725246634,-69.80967000534216,71.3666376905964,1.0,Sagittal,28,PF OA
26.69320459297758,-69.14775938171435,71.41118416679372,1.0,Sagittal,28,PF OA
26.799389460708518,-68.48584875808655,71.45573064299103,1.0,Sagittal,28,PF OA
26.90557432843946,-67.82393813445874,71.50027711918834,1.0,Sagittal,28,PF OA
27.011759196170402,-67.16202751083094,71.54482359538565,1.0,Sagittal,28,PF OA
27.117944063901344,-66.50011688720313,71.58937007158296,1.0,Sagittal,28,PF OA
27.224128931632286,-65.83820626357533,71.63391654778027,1.0,Sagittal,28,PF OA
27.33031379936323,-65.17629563994753,71.67846302397759,1.0,Sagittal,28,PF OA
27.43649866709417,-64.51438501631972,71.72300950017488,1.0,Sagittal,28,PF OA
27.03340626818834,-67.07526951293946,70.20409855135874,1.0,Sagittal,28,PF OA
27.139591135919282,-66.41335888931165,70.24864502755605,1.0,Sagittal,28,PF OA
27.245776003650224,-65.75144826568385,70.29319150375336,1.0,Sagittal,28,PF OA
26.216397934367713,-72.24041750512465,67.8366391757399,1.0,Sagittal,28,PF OA
26.842683604744394,-68.31233276230358,68.77428055493722,1.0,Sagittal,28,PF OA
26.948868472475336,-67.65042213867578,68.81882703113453,1.0,Sagittal,28,PF OA
27.05505334020628,-66.98851151504797,68.86337350733184,1.0,Sagittal,28,PF OA
27.16123820793722,-66.32660089142017,68.90791998352915,1.0,Sagittal,28,PF OA
27.267423075668162,-65.66469026779237,68.95246645972647,1.0,Sagittal,28,PF OA
27.373607943399104,-65.00277964416456,68.99701293592378,1.0,Sagittal,28,PF OA
27.479792811130046,-64.34086902053676,69.04155941212107,1.0,Sagittal,28,PF OA
27.585977678860985,-63.67895839690896,69.08610588831839,1.0,Sagittal,28,PF OA
27.69216254659193,-63.017047773281156,69.1306523645157,1.0,Sagittal,28,PF OA
26.11021306663677,-72.90232812875246,67.7920926995426,1.0,Sagittal,28,PF OA
26.322582802098655,-71.57850688149685,67.88118565193722,1.0,Sagittal,28,PF OA
26.63031386928251,-69.63615400955919,68.68518760254261,1.0,Sagittal,28,PF OA
26.428767669829597,-70.91659625786906,67.92573212813453,1.0,Sagittal,28,PF OA
26.534952537560535,-70.25468563424124,67.97027860433184,1.0,Sagittal,28,PF OA
26.64113740529148,-69.59277501061345,68.01482508052914,1.0,Sagittal,28,PF OA
26.74732227302242,-68.93086438698565,68.05937155672645,1.0,Sagittal,28,PF OA
26.853507140753365,-68.26895376335784,68.10391803292376,1.0,Sagittal,28,PF OA
26.959692008484303,-67.60704313973004,68.14846450912107,1.0,Sagittal,28,PF OA
27.065876876215246,-66.94513251610223,68.19301098531838,1.0,Sagittal,28,PF OA
27.172061743946188,-66.28322189247443,68.23755746151569,1.0,Sagittal,28,PF OA
27.27824661167713,-65.62131126884663,68.282103937713,1.0,Sagittal,28,PF OA
27.38443147940807,-64.95940064521882,68.32665041391031,1.0,Sagittal,28,PF OA
26.736498737013456,-68.97424338593139,68.72973407873991,1.0,Sagittal,28,PF OA
26.52412900155157,-70.29806463318698,68.6406411263453,1.0,Sagittal,28,PF OA
27.351960871381166,-65.08953764205604,70.33773797995067,1.0,Sagittal,28,PF OA
26.831860068735423,-68.35571176124932,69.44464307695067,1.0,Sagittal,28,PF OA
27.45814573911211,-64.42762701842824,70.38228445614797,1.0,Sagittal,28,PF OA
27.56433060684305,-63.76571639480044,70.42683093234528,1.0,Sagittal,28,PF OA
27.670515474573993,-63.10380577117264,70.4713774085426,1.0,Sagittal,28,PF OA
26.088565994618833,-72.98908612664394,69.1328177435695,1.0,Sagittal,28,PF OA
26.194750862349775,-72.32717550301614,69.17736421976682,1.0,Sagittal,28,PF OA
26.300935730080717,-71.66526487938833,69.22191069596413,1.0,Sagittal,28,PF OA
26.407120597811655,-71.00335425576054,69.26645717216144,1.0,Sagittal,28,PF OA
26.5133054655426,-70.34144363213272,69.31100364835875,1.0,Sagittal,28,PF OA
26.61949033327354,-69.67953300850493,69.35555012455606,1.0,Sagittal,28,PF OA
26.725675201004485,-69.01762238487713,69.40009660075336,1.0,Sagittal,28,PF OA
26.938044936466365,-67.69380113762152,69.48918955314798,1.0,Sagittal,28,PF OA
26.417944133820626,-70.9599752568148,68.59609465014799,1.0,Sagittal,28,PF OA
27.044229804197307,-67.03189051399372,69.53373602934529,1.0,Sagittal,28,PF OA
27.15041467192825,-66.36997989036591,69.5782825055426,1.0,Sagittal,28,PF OA
27.25659953965919,-65.70806926673811,69.62282898173991,1.0,Sagittal,28,PF OA
27.362784407390134,-65.0461586431103,69.66737545793723,1.0,Sagittal,28,PF OA
27.468969275121076,-64.3842480194825,69.71192193413452,1.0,Sagittal,28,PF OA
27.575154142852014,-63.7223373958547,69.75646841033183,1.0,Sagittal,28,PF OA
27.68133901058296,-63.0604267722269,69.80101488652915,1.0,Sagittal,28,PF OA
26.099389530627803,-72.9457071276982,68.46245522155606,1.0,Sagittal,28,PF OA
26.205574398358745,-72.2837965040704,68.50700169775337,1.0,Sagittal,28,PF OA
26.311759266089688,-71.62188588044259,68.55154817395068,1.0,Sagittal,28,PF OA
26.894750792430493,-67.86731713340448,72.17063964120179,1.0,Sagittal,28,PF OA
26.788565924699554,-68.52922775703229,72.12609316500448,1.0,Sagittal,28,PF OA
26.68238105696861,-69.19113838066009,72.08154668880717,1.0,Sagittal,28,PF OA
26.532902045201794,-70.02656500007086,74.71845030066368,1.0,Sagittal,28,PF OA
27.159187715578476,-66.09848025724978,75.65609167986099,1.0,Sagittal,28,PF OA
27.265372583309418,-65.43656963362197,75.7006381560583,1.0,Sagittal,28,PF OA
27.37155745104036,-64.77465900999417,75.7451846322556,1.0,Sagittal,28,PF OA
27.4777423187713,-64.11274838636638,75.78973110845291,1.0,Sagittal,28,PF OA
27.583927186502244,-63.450837762738566,75.83427758465022,1.0,Sagittal,28,PF OA
26.001977706547084,-73.33611811820987,74.49571791967712,1.0,Sagittal,28,PF OA
26.108162574278026,-72.67420749458206,74.54026439587443,1.0,Sagittal,28,PF OA
26.214347442008968,-72.01229687095426,74.58481087207174,1.0,Sagittal,28,PF OA
26.32053230973991,-71.35038624732647,74.62935734826905,1.0,Sagittal,28,PF OA
26.42671717747085,-70.68847562369865,74.67390382446636,1.0,Sagittal,28,PF OA
26.639086912932733,-69.36465437644306,74.76299677686097,1.0,Sagittal,28,PF OA
26.94681798011659,-67.42230150450538,75.56699872746637,1.0,Sagittal,28,PF OA
26.74527178066368,-68.70274375281525,74.80754325305828,1.0,Sagittal,28,PF OA
26.851456648394617,-68.04083312918745,74.8520897292556,1.0,Sagittal,28,PF OA
26.95764151612556,-67.37892250555964,74.89663620545291,1.0,Sagittal,28,PF OA
27.0638263838565,-66.71701188193184,74.94118268165022,1.0,Sagittal,28,PF OA
27.170011251587443,-66.05510125830403,74.98572915784753,1.0,Sagittal,28,PF OA
27.276196119318385,-65.39319063467623,75.03027563404484,1.0,Sagittal,28,PF OA
27.382380987049327,-64.73128001104843,75.07482211024214,1.0,Sagittal,28,PF OA
27.48856585478027,-64.06936938742064,75.11936858643945,1.0,Sagittal,28,PF OA
27.59475072251121,-63.407458763792825,75.16391506263676,1.0,Sagittal,28,PF OA
26.01280124255605,-73.29273911926413,73.82535539766367,1.0,Sagittal,28,PF OA
27.053002847847534,-66.76039088087758,75.61154520366368,1.0,Sagittal,28,PF OA
26.84063311238565,-68.08421212813319,75.52245225126906,1.0,Sagittal,28,PF OA
26.225170978017935,-71.96891787200852,73.9144483500583,1.0,Sagittal,28,PF OA
27.148364179569505,-66.1418592561955,76.32645420187444,1.0,Sagittal,28,PF OA
26.086515502260088,-72.76096549247353,75.88098943990134,1.0,Sagittal,28,PF OA
26.19270036999103,-72.09905486884574,75.92553591609865,1.0,Sagittal,28,PF OA
26.29888523772197,-71.43714424521792,75.97008239229596,1.0,Sagittal,28,PF OA
26.405070105452914,-70.77523362159013,76.01462886849328,1.0,Sagittal,28,PF OA
26.511254973183853,-70.11332299796231,76.05917534469057,1.0,Sagittal,28,PF OA
26.6174398409148,-69.45141237433452,76.10372182088788,1.0,Sagittal,28,PF OA
26.723624708645737,-68.7895017507067,76.1482682970852,1.0,Sagittal,28,PF OA
26.82980957637668,-68.12759112707892,76.1928147732825,1.0,Sagittal,28,PF OA
26.93599444410762,-67.46568050345113,76.23736124947982,1.0,Sagittal,28,PF OA
27.042179311838563,-66.8037698798233,76.28190772567713,1.0,Sagittal,28,PF OA
27.254549047300447,-65.4799486325677,76.37100067807175,1.0,Sagittal,28,PF OA
26.734448244654708,-68.74612275176099,75.47790577507175,1.0,Sagittal,28,PF OA
27.36073391503139,-64.81803800893991,76.41554715426905,1.0,Sagittal,28,PF OA
27.466918782762328,-64.15612738531209,76.46009363046636,1.0,Sagittal,28,PF OA
27.573103650493273,-63.49421676168429,76.50464010666367,1.0,Sagittal,28,PF OA
25.991154170538117,-73.37949711715561,75.16608044169058,1.0,Sagittal,28,PF OA
26.09733903826906,-72.7175864935278,75.2106269178879,1.0,Sagittal,28,PF OA
87.27268762808072,-69.17369513228834,-1.6802679213049254,1.0,Sagittal,10,PF OA
86.95413302488788,-71.15942700317174,-1.8139073498968532,1.0,Sagittal,10,PF OA
86.741763289426,-72.48324825042735,-1.9030003022914728,1.0,Sagittal,10,PF OA
86.63557842169506,-73.14515887405514,-1.9475467784887819,1.0,Sagittal,10,PF OA
86.52939355396411,-73.80706949768296,-1.9920932546860914,1.0,Sagittal,10,PF OA
86.42320868623318,-74.46898012131075,-2.036639730883401,1.0,Sagittal,10,PF OA
86.31702381850224,-75.13089074493857,-2.08118620708071,1.0,Sagittal,10,PF OA
86.21083895077129,-75.79280136856636,-2.1257326832780197,1.0,Sagittal,10,PF OA
85.97682214329147,-77.20338061371345,-0.8741005916457416,1.0,Sagittal,10,PF OA
86.10465408304034,-76.45471199219418,-2.1702791594753292,1.0,Sagittal,10,PF OA
87.44176321950673,-68.0233898808157,1.0902751191435014,1.0,Sagittal,10,PF OA
87.31393127975784,-68.77205850233497,2.386453686973103,1.0,Sagittal,10,PF OA
87.20774641202689,-69.43396912596279,2.3419072107757932,1.0,Sagittal,10,PF OA
87.10156154429596,-70.09587974959058,2.2973607345784846,1.0,Sagittal,10,PF OA
86.99537667656502,-70.75779037321838,2.252814258381174,1.0,Sagittal,10,PF OA
86.88919180883407,-71.41970099684619,2.2082677821838654,1.0,Sagittal,10,PF OA
86.78300694110314,-72.081611620474,2.1637213059865554,1.0,Sagittal,10,PF OA
86.6768220733722,-72.7435222441018,2.119174829789246,1.0,Sagittal,10,PF OA
86.57063720564125,-73.40543286772959,2.0746283535919368,1.0,Sagittal,10,PF OA
86.4644523379103,-74.0673434913574,2.030081877394627,1.0,Sagittal,10,PF OA
86.35826747017937,-74.7292541149852,1.9855354011973176,1.0,Sagittal,10,PF OA
86.84794815715694,-71.82133762679956,-1.8584538260941632,1.0,Sagittal,10,PF OA
87.06031789261883,-70.49751637954394,-1.7693608736995445,1.0,Sagittal,10,PF OA
87.5175279715695,-67.71973688819554,-3.6022625349506514,1.0,Sagittal,10,PF OA
87.16650276034977,-69.83560575591613,-1.724814397502234,1.0,Sagittal,10,PF OA
86.23248602278923,-75.7060433706749,-3.4664577273049164,1.0,Sagittal,10,PF OA
86.33867089052018,-75.04413274704712,-3.421911251107607,1.0,Sagittal,10,PF OA
86.44485575825112,-74.3822221234193,-3.3773647749102977,1.0,Sagittal,10,PF OA
86.55104062598205,-73.7203114997915,-3.332818298712988,1.0,Sagittal,10,PF OA
86.657225493713,-73.05840087616369,-3.2882718225156786,1.0,Sagittal,10,PF OA
86.76341036144395,-72.3964902525359,-3.2437253463183695,1.0,Sagittal,10,PF OA
86.86959522917488,-71.73457962890811,-3.19917887012106,1.0,Sagittal,10,PF OA
86.97578009690582,-71.07266900528029,-3.15463239392375,1.0,Sagittal,10,PF OA
87.08196496463677,-70.41075838165249,-3.1100859177264413,1.0,Sagittal,10,PF OA
87.18814983236771,-69.74884775802468,-3.065539441529131,1.0,Sagittal,10,PF OA
87.29433470009866,-69.08693713439689,-3.020992965331822,1.0,Sagittal,10,PF OA
87.40051956782959,-68.42502651076907,-2.9764464891345126,1.0,Sagittal,10,PF OA
87.50670443556054,-67.76311588714128,-2.931900012937203,1.0,Sagittal,10,PF OA
86.90001534484304,-71.37632199790045,1.537905260170417,1.0,Sagittal,10,PF OA
86.7938304771121,-72.03823262152827,1.493358783973107,1.0,Sagittal,10,PF OA
85.83816666753363,-77.99542823417849,1.092440498197322,1.0,Sagittal,10,PF OA
87.4850573635426,-67.84987388503274,-1.5911749689103063,1.0,Sagittal,10,PF OA
87.37887249581165,-68.51178450866053,-1.6357214451076159,1.0,Sagittal,10,PF OA
86.68764560938116,-72.70014324515606,1.4488123077757975,1.0,Sagittal,10,PF OA
87.13403215232287,-69.96574275275336,0.28627316853812523,1.0,Sagittal,10,PF OA
86.14589773471748,-76.0530753622408,1.896442448802699,1.0,Sagittal,10,PF OA
86.03971286698655,-76.71498598586862,1.8518959726053894,1.0,Sagittal,10,PF OA
87.33557835177578,-68.68530050444349,1.0457286429461918,1.0,Sagittal,10,PF OA
87.03867082060088,-70.58427437743542,-0.4286358296726478,1.0,Sagittal,10,PF OA
87.14485568833183,-69.92236375380762,-0.38408935347533735,1.0,Sagittal,10,PF OA
87.25104055606278,-69.26045313017983,-0.3395428772780287,1.0,Sagittal,10,PF OA
87.35722542379371,-68.59854250655201,-0.2949964010807191,1.0,Sagittal,10,PF OA
87.46341029152465,-67.93663188292422,-0.25044992488340956,1.0,Sagittal,10,PF OA
85.92475495560538,-77.64839624261259,-4.270459677910294,1.0,Sagittal,10,PF OA
86.03093982333633,-76.98648561898477,-4.2259132017129835,1.0,Sagittal,10,PF OA
86.13712469106727,-76.32457499535698,-4.181366725515675,1.0,Sagittal,10,PF OA
86.2433095587982,-75.66266437172916,-4.136820249318365,1.0,Sagittal,10,PF OA
86.34949442652915,-75.00075374810137,-4.092273773121056,1.0,Sagittal,10,PF OA
86.4556792942601,-74.33884312447356,-4.047727296923746,1.0,Sagittal,10,PF OA
86.56186416199102,-73.67693250084577,-4.0031808207264366,1.0,Sagittal,10,PF OA
86.66804902972197,-73.01502187721795,-3.958634344529127,1.0,Sagittal,10,PF OA
86.77423389745292,-72.35311125359016,-3.914087868331818,1.0,Sagittal,10,PF OA
86.88041876518386,-71.69120062996237,-3.8695413921345083,1.0,Sagittal,10,PF OA
86.9866036329148,-71.02929000633455,-3.8249949159371983,1.0,Sagittal,10,PF OA
87.09278850064574,-70.36737938270674,-3.7804484397398896,1.0,Sagittal,10,PF OA
87.19897336837668,-69.70546875907894,-3.735901963542579,1.0,Sagittal,10,PF OA
87.30515823610762,-69.04355813545115,-3.6913554873452705,1.0,Sagittal,10,PF OA
86.93248595286994,-71.24618500106322,-0.47318230586995647,1.0,Sagittal,10,PF OA
86.826301085139,-71.90809562469104,-0.5177287820672665,1.0,Sagittal,10,PF OA
86.72011621740806,-72.57000624831883,-0.562275258264576,1.0,Sagittal,10,PF OA
86.37991454219731,-74.64249611709371,0.6448103571704067,1.0,Sagittal,10,PF OA
87.22939348404483,-69.34721112807131,1.0011821667488823,1.0,Sagittal,10,PF OA
87.1232086163139,-70.0091217516991,0.9566356905515736,1.0,Sagittal,10,PF OA
87.01702374858296,-70.6710323753269,0.9120892143542632,1.0,Sagittal,10,PF OA
86.91083888085201,-71.3329429989547,0.8675427381569545,1.0,Sagittal,10,PF OA
86.80465401312108,-71.99485362258253,0.8229962619596445,1.0,Sagittal,10,PF OA
86.69846914539013,-72.65676424621032,0.7784497857623349,1.0,Sagittal,10,PF OA
86.59228427765919,-73.3186748698381,0.7339033095650258,1.0,Sagittal,10,PF OA
86.48609940992824,-73.98058549346592,0.6893568333677162,1.0,Sagittal,10,PF OA
86.27372967446637,-75.30440674072153,0.6002638809730976,1.0,Sagittal,10,PF OA
86.61393134967712,-73.23191687194662,-0.6068217344618851,1.0,Sagittal,10,PF OA
86.16754480673542,-75.96631736434932,0.555717404775788,1.0,Sagittal,10,PF OA
85.99846921530941,-77.11662261582197,-2.2148256356726383,1.0,Sagittal,10,PF OA
85.89228434757847,-77.77853323944979,-2.2593721118699484,1.0,Sagittal,10,PF OA
86.0830070110224,-76.54146999008566,-0.8295541154484325,1.0,Sagittal,10,PF OA
86.18919187875335,-75.87955936645784,-0.7850076392511229,1.0,Sagittal,10,PF OA
86.2953767464843,-75.21764874283005,-0.7404611630538134,1.0,Sagittal,10,PF OA
86.40156161421524,-74.55573811920223,-0.6959146868565043,1.0,Sagittal,10,PF OA
86.50774648194617,-73.89382749557444,-0.6513682106591947,1.0,Sagittal,10,PF OA
86.12630115505829,-76.36795399430272,-3.511004203502226,1.0,Sagittal,10,PF OA
86.02011628732735,-77.02986461793051,-3.555550679699535,1.0,Sagittal,10,PF OA
85.91393141959641,-77.69177524155833,-3.600097155896845,1.0,Sagittal,10,PF OA
87.30310774374887,-68.81543750128071,3.0568162089865654,1.0,Sagittal,10,PF OA
86.28455321047534,-75.26102774177579,-0.0700986410403508,1.0,Sagittal,10,PF OA
86.0505364029955,-76.67160698692288,1.181533450591941,1.0,Sagittal,10,PF OA
86.11342712669058,-76.18321235907803,3.907530014843044,1.0,Sagittal,10,PF OA
86.21961199442153,-75.52130173545024,3.9520764910403536,1.0,Sagittal,10,PF OA
86.32579686215247,-74.85939111182242,3.9966229672376627,1.0,Sagittal,10,PF OA
86.4319817298834,-74.19748048819463,4.041169443434972,1.0,Sagittal,10,PF OA
86.53816659761435,-73.53556986456681,4.085715919632282,1.0,Sagittal,10,PF OA
86.6443514653453,-72.87365924093902,4.130262395829591,1.0,Sagittal,10,PF OA
86.75053633307624,-72.21174861731123,4.174808872026901,1.0,Sagittal,10,PF OA
86.85672120080717,-71.54983799368341,4.2193553482242105,1.0,Sagittal,10,PF OA
86.96290606853812,-70.8879273700556,4.263901824421519,1.0,Sagittal,10,PF OA
87.06909093626906,-70.2260167464278,4.30844830061883,1.0,Sagittal,10,PF OA
87.175275804,-69.56410612280001,4.352994776816138,1.0,Sagittal,10,PF OA
87.28146067173094,-68.9021954991722,4.397541253013448,1.0,Sagittal,10,PF OA
87.38764553946189,-68.2402848755444,4.4420877292107575,1.0,Sagittal,10,PF OA
86.17836834274439,-75.92293836540358,-0.11464511723766035,1.0,Sagittal,10,PF OA
86.07218347501345,-76.5848489890314,-0.1591915934349699,1.0,Sagittal,10,PF OA
85.96599860728251,-77.24675961265919,-0.20373806963227903,1.0,Sagittal,10,PF OA
85.94435153526457,-77.33351761055067,1.136986974394632,1.0,Sagittal,10,PF OA
87.49588089955157,-67.806494886087,-2.261537490923769,1.0,Sagittal,10,PF OA
87.38969603182062,-68.46840550971478,-2.3060839671210784,1.0,Sagittal,10,PF OA
87.28351116408967,-69.1303161333426,-2.350630443318388,1.0,Sagittal,10,PF OA
86.11547761904933,-76.41133299324844,-2.840641681488792,1.0,Sagittal,10,PF OA
86.92166241686098,-71.28956400000897,0.19718021614350612,1.0,Sagittal,10,PF OA
86.81547754913004,-71.95147462363678,0.1526337399461961,1.0,Sagittal,10,PF OA
86.7092926813991,-72.61338524726457,0.10808726374888655,1.0,Sagittal,10,PF OA
86.60310781366816,-73.27529587089236,0.06354078755157744,1.0,Sagittal,10,PF OA
86.49692294593721,-73.93720649452018,0.01899431135426788,1.0,Sagittal,10,PF OA
86.39073807820628,-74.59911711814797,-0.02555216484304168,1.0,Sagittal,10,PF OA
85.90310788358744,-77.73515424050404,-2.929734633883411,1.0,Sagittal,10,PF OA
86.00929275131838,-77.07324361687623,-2.885188157686101,1.0,Sagittal,10,PF OA
86.22166248678026,-75.74942236962062,-2.7960952052914823,1.0,Sagittal,10,PF OA
87.17732629635874,-69.7922267569704,-2.3951769195156967,1.0,Sagittal,10,PF OA
86.3278473545112,-75.08751174599283,-2.7515487290941727,1.0,Sagittal,10,PF OA
86.43403222224215,-74.42560112236501,-2.7070022528968636,1.0,Sagittal,10,PF OA
86.54021708997308,-73.76369049873722,-2.662455776699554,1.0,Sagittal,10,PF OA
86.64640195770403,-73.1017798751094,-2.6179093005022445,1.0,Sagittal,10,PF OA
86.75258682543497,-72.43986925148161,-2.5733628243049353,1.0,Sagittal,10,PF OA
86.85877169316592,-71.77795862785382,-2.528816348107626,1.0,Sagittal,10,PF OA
86.96495656089685,-71.116048004226,-2.484269871910316,1.0,Sagittal,10,PF OA
87.0711414286278,-70.4541373805982,-2.439723395713007,1.0,Sagittal,10,PF OA
85.77322545147982,-78.25570222785294,5.11461563027804,1.0,Sagittal,10,PF OA
87.19692287601794,-69.47734812490853,3.012269732789256,1.0,Sagittal,10,PF OA
87.00620021257399,-70.71441137427264,1.5824517363677257,1.0,Sagittal,10,PF OA
87.09073800828699,-70.13925874853632,2.967723256591947,1.0,Sagittal,10,PF OA
86.94125899652018,-70.97468536794709,5.604626868448444,1.0,Sagittal,10,PF OA
87.04744386425112,-70.31277474431928,5.649173344645755,1.0,Sagittal,10,PF OA
87.15362873198205,-69.6508641206915,5.6937198208430635,1.0,Sagittal,10,PF OA
87.259813599713,-68.98895349706368,5.738266297040373,1.0,Sagittal,10,PF OA
87.36599846744394,-68.32704287343589,5.782812773237683,1.0,Sagittal,10,PF OA
85.81651959551569,-78.08218623206997,2.433165542224233,1.0,Sagittal,10,PF OA
87.24021702005382,-69.30383212912557,0.3308196447354339,1.0,Sagittal,10,PF OA
87.34640188778475,-68.64192150549775,0.37536612093274346,1.0,Sagittal,10,PF OA
87.4525867555157,-67.98001088186996,0.419912597130053,1.0,Sagittal,10,PF OA
86.00724225895965,-76.84512298270585,3.8629835386457345,1.0,Sagittal,10,PF OA
85.9010573912287,-77.50703360633364,3.8184370624484254,1.0,Sagittal,10,PF OA
85.79487252349776,-78.16894422996145,3.7738905862511154,1.0,Sagittal,10,PF OA
76.76397125608037,-115.98128921478097,30.677619625881615,1.0,Coronal,1,PF OA
76.04171658955049,-116.00449340711964,33.351027678801074,1.0,Coronal,1,PF OA
71.98078304237488,-116.38525247364663,35.96309210652412,1.0,Coronal,1,PF OA
72.64851881850404,-116.31374149880897,35.97536083156341,1.0,Coronal,1,PF OA
73.31625459463318,-116.2422305239713,35.98762955660269,1.0,Coronal,1,PF OA
73.98399037076233,-116.17071954913362,35.999898281641975,1.0,Coronal,1,PF OA
74.65172614689148,-116.09920857429596,36.01216700668125,1.0,Coronal,1,PF OA
75.31946192302063,-116.02769759945829,36.02443573172054,1.0,Coronal,1,PF OA
75.98719769914977,-115.95618662462063,36.03670445675982,1.0,Coronal,1,PF OA
76.65493347527892,-115.88467564978295,36.048973181799106,1.0,Coronal,1,PF OA
66.65252655594188,-116.96941696797273,35.193523111720175,1.0,Coronal,1,PF OA
67.32026233207102,-116.89790599313507,35.20579183675946,1.0,Coronal,1,PF OA
67.98799810820019,-116.8263950182974,35.218060561798744,1.0,Coronal,1,PF OA
68.65573388432932,-116.75488404345973,35.23032928683803,1.0,Coronal,1,PF OA
69.32346966045847,-116.68337306862206,35.242598011877305,1.0,Coronal,1,PF OA
69.99120543658762,-116.6118620937844,35.25486673691659,1.0,Coronal,1,PF OA
70.65894121271677,-116.54035111894673,35.267135461955874,1.0,Coronal,1,PF OA
71.32667698884592,-116.46884014410905,35.27940418699516,1.0,Coronal,1,PF OA
71.99441276497507,-116.39732916927139,35.291672912034436,1.0,Coronal,1,PF OA
72.66214854110422,-116.32581819443372,35.30394163707372,1.0,Coronal,1,PF OA
73.32988431723336,-116.25430721959606,35.316210362113004,1.0,Coronal,1,PF OA
73.99762009336251,-116.18279624475838,35.32847908715229,1.0,Coronal,1,PF OA
74.66535586949166,-116.11128526992071,35.340747812191566,1.0,Coronal,1,PF OA
71.31304726624575,-116.4567634484843,35.950823381484845,1.0,Coronal,1,PF OA
70.6453114901166,-116.52827442332197,35.93855465644556,1.0,Coronal,1,PF OA
69.97757571398743,-116.59978539815964,35.92628593140628,1.0,Coronal,1,PF OA
72.63488909590386,-116.30166480318421,36.64678002605309,1.0,Coronal,1,PF OA
66.62526711074152,-116.94526357672322,36.53636150069954,1.0,Coronal,1,PF OA
67.29300288687067,-116.87375260188556,36.548630225738826,1.0,Coronal,1,PF OA
67.96073866299983,-116.80224162704789,36.56089895077811,1.0,Coronal,1,PF OA
68.62847443912896,-116.73073065221021,36.573167675817395,1.0,Coronal,1,PF OA
69.29621021525811,-116.65921967737255,36.58543640085667,1.0,Coronal,1,PF OA
69.96394599138726,-116.58770870253488,36.597705125895956,1.0,Coronal,1,PF OA
70.63168176751641,-116.51619772769722,36.60997385093524,1.0,Coronal,1,PF OA
71.29941754364556,-116.44468675285954,36.622242575974525,1.0,Coronal,1,PF OA
71.96715331977471,-116.37317577802187,36.6345113010138,1.0,Coronal,1,PF OA
73.30262487203301,-116.23015382834654,36.65904875109237,1.0,Coronal,1,PF OA
69.3098399378583,-116.6712963729973,35.91401720636699,1.0,Coronal,1,PF OA
73.97036064816216,-116.15864285350887,36.671317476131655,1.0,Coronal,1,PF OA
74.6380964242913,-116.0871318786712,36.68358620117093,1.0,Coronal,1,PF OA
75.30583220042044,-116.01562090383354,36.69585492621022,1.0,Coronal,1,PF OA
75.97356797654959,-115.94410992899587,36.7081236512495,1.0,Coronal,1,PF OA
76.64130375267875,-115.87259895415819,36.720392376288785,1.0,Coronal,1,PF OA
66.6388968333417,-116.95734027234798,35.86494230620986,1.0,Coronal,1,PF OA
67.30663260947085,-116.88582929751031,35.877211031249146,1.0,Coronal,1,PF OA
67.9743683856,-116.81431832267265,35.88947975628843,1.0,Coronal,1,PF OA
68.64210416172915,-116.74280734783497,35.901748481327715,1.0,Coronal,1,PF OA
75.3330916456208,-116.03977429508305,35.35301653723085,1.0,Coronal,1,PF OA
76.00082742174995,-115.96826332024538,35.365285262270135,1.0,Coronal,1,PF OA
76.66856319787911,-115.8967523454077,35.37755398730942,1.0,Coronal,1,PF OA
68.02888727600072,-116.86262510517165,33.20380297832968,1.0,Coronal,1,PF OA
72.68940798630457,-116.34997158568322,33.961103248094346,1.0,Coronal,1,PF OA
73.35714376243372,-116.27846061084556,33.97337197313363,1.0,Coronal,1,PF OA
74.02487953856287,-116.20694963600788,33.985640698172915,1.0,Coronal,1,PF OA
74.69261531469202,-116.13543866117021,33.99790942321219,1.0,Coronal,1,PF OA
75.36035109082115,-116.06392768633255,34.01017814825148,1.0,Coronal,1,PF OA
76.0280868669503,-115.99241671149488,34.02244687329076,1.0,Coronal,1,PF OA
76.69582264307947,-115.9209057366572,34.034715598330045,1.0,Coronal,1,PF OA
66.69341572374242,-117.00564705484699,33.179265528251115,1.0,Coronal,1,PF OA
67.36115149987157,-116.93413608000932,33.1915342532904,1.0,Coronal,1,PF OA
68.69662305212987,-116.79111413033398,33.21607170336897,1.0,Coronal,1,PF OA
71.35393643404628,-116.49299353535855,33.936565798015785,1.0,Coronal,1,PF OA
69.36435882825901,-116.71960315549632,33.228340428408245,1.0,Coronal,1,PF OA
70.03209460438815,-116.64809218065865,33.24060915344753,1.0,Coronal,1,PF OA
70.69983038051731,-116.57658120582099,33.252877878486814,1.0,Coronal,1,PF OA
71.36756615664646,-116.5050702309833,33.2651466035261,1.0,Coronal,1,PF OA
72.0353019327756,-116.43355925614564,33.277415328565375,1.0,Coronal,1,PF OA
72.70303770890476,-116.36204828130798,33.28968405360466,1.0,Coronal,1,PF OA
73.3707734850339,-116.29053730647031,33.301952778643944,1.0,Coronal,1,PF OA
74.03850926116304,-116.21902633163263,33.31422150368323,1.0,Coronal,1,PF OA
74.70624503729219,-116.14751535679497,33.326490228722506,1.0,Coronal,1,PF OA
72.02167221017542,-116.42148256052089,33.94883452305506,1.0,Coronal,1,PF OA
70.68620065791713,-116.56450451019623,33.9242970729765,1.0,Coronal,1,PF OA
66.66615627854206,-116.98149366359749,34.52210391723049,1.0,Coronal,1,PF OA
73.34351403983354,-116.26638391522081,34.64479116762332,1.0,Coronal,1,PF OA
67.33389205467121,-116.90998268875983,34.53437264226977,1.0,Coronal,1,PF OA
68.00162783080036,-116.83847171392216,34.54664136730906,1.0,Coronal,1,PF OA
68.66936360692951,-116.76696073908448,34.55891009234834,1.0,Coronal,1,PF OA
69.33709938305866,-116.69544976424682,34.57117881738762,1.0,Coronal,1,PF OA
70.00483515918779,-116.62393878940915,34.5834475424269,1.0,Coronal,1,PF OA
70.67257093531695,-116.55242781457149,34.59571626746619,1.0,Coronal,1,PF OA
71.3403067114461,-116.48091683973381,34.60798499250547,1.0,Coronal,1,PF OA
72.00804248757524,-116.40940586489614,34.62025371754475,1.0,Coronal,1,PF OA
72.6757782637044,-116.33789489005848,34.63252244258403,1.0,Coronal,1,PF OA
74.01124981596269,-116.19487294038314,34.6570598926626,1.0,Coronal,1,PF OA
70.01846488178798,-116.6360154850339,33.912028347937216,1.0,Coronal,1,PF OA
74.67898559209183,-116.12336196554547,34.66932861770188,1.0,Coronal,1,PF OA
75.34672136822098,-116.0518509907078,34.68159734274116,1.0,Coronal,1,PF OA
76.01445714435013,-115.98034001587014,34.69386606778045,1.0,Coronal,1,PF OA
76.68219292047928,-115.90882904103246,34.70613479281973,1.0,Coronal,1,PF OA
66.67978600114223,-116.99357035922223,33.8506847227408,1.0,Coronal,1,PF OA
67.34752177727138,-116.92205938438457,33.862953447780086,1.0,Coronal,1,PF OA
68.01525755340055,-116.85054840954689,33.87522217281937,1.0,Coronal,1,PF OA
68.68299332952968,-116.77903743470922,33.887490897858655,1.0,Coronal,1,PF OA
69.35072910565883,-116.70752645987156,33.89975962289793,1.0,Coronal,1,PF OA
76.62767403007857,-115.86052225853345,37.39181157077847,1.0,Coronal,1,PF OA
75.95993825394942,-115.93203323337113,37.37954284573919,1.0,Coronal,1,PF OA
75.29220247782027,-116.0035442082088,37.3672741206999,1.0,Coronal,1,PF OA
67.23848399646995,-116.82544581938654,39.23430700369757,1.0,Coronal,1,PF OA
71.23126893064466,-116.38430327473577,39.979338548422966,1.0,Coronal,1,PF OA
71.89900470677381,-116.3127922998981,39.99160727346224,1.0,Coronal,1,PF OA
72.56674048290296,-116.24128132506044,40.00387599850153,1.0,Coronal,1,PF OA
73.2344762590321,-116.16977035022278,40.01614472354081,1.0,Coronal,1,PF OA
73.90221203516126,-116.0982593753851,40.028413448580096,1.0,Coronal,1,PF OA
74.5699478112904,-116.02674840054743,40.04068217361937,1.0,Coronal,1,PF OA
75.23768358741955,-115.95523742570977,40.05295089865866,1.0,Coronal,1,PF OA
75.9054193635487,-115.8837264508721,40.06521962369794,1.0,Coronal,1,PF OA
76.57315513967785,-115.81221547603442,40.077488348737226,1.0,Coronal,1,PF OA
67.90621977259912,-116.75393484454887,39.24657572873686,1.0,Coronal,1,PF OA
69.89579737838636,-116.52732522441111,39.9548010983444,1.0,Coronal,1,PF OA
68.57395554872825,-116.6824238697112,39.25884445377614,1.0,Coronal,1,PF OA
69.2416913248574,-116.61091289487354,39.27111317881542,1.0,Coronal,1,PF OA
69.90942710098653,-116.53940192003587,39.2833819038547,1.0,Coronal,1,PF OA
70.5771628771157,-116.4678909451982,39.29565062889399,1.0,Coronal,1,PF OA
71.24489865324485,-116.39637997036053,39.30791935393327,1.0,Coronal,1,PF OA
71.91263442937398,-116.32486899552286,39.32018807897255,1.0,Coronal,1,PF OA
72.58037020550314,-116.2533580206852,39.332456804011834,1.0,Coronal,1,PF OA
73.24810598163228,-116.18184704584753,39.34472552905112,1.0,Coronal,1,PF OA
73.91584175776143,-116.11033607100985,39.3569942540904,1.0,Coronal,1,PF OA
70.56353315451551,-116.45581424957345,39.96706982338368,1.0,Coronal,1,PF OA
69.22806160225721,-116.59883619924878,39.94253237330511,1.0,Coronal,1,PF OA
75.25131331001973,-115.96731412133452,39.381531704168964,1.0,Coronal,1,PF OA
71.88537498417362,-116.30071560427336,40.66302646795192,1.0,Coronal,1,PF OA
76.0962354799512,-116.05280018961865,30.665350900842334,1.0,Coronal,1,PF OA
66.54348877514045,-116.87280340297471,40.56487666763766,1.0,Coronal,1,PF OA
67.2112245512696,-116.80129242813705,40.57714539267695,1.0,Coronal,1,PF OA
67.87896032739874,-116.72978145329938,40.58941411771623,1.0,Coronal,1,PF OA
68.54669610352789,-116.6582704784617,40.601682842755515,1.0,Coronal,1,PF OA
69.21443187965704,-116.58675950362404,40.61395156779479,1.0,Coronal,1,PF OA
69.88216765578618,-116.51524852878637,40.62622029283408,1.0,Coronal,1,PF OA
70.54990343191534,-116.44373755394871,40.63848901787336,1.0,Coronal,1,PF OA
71.21763920804449,-116.37222657911103,40.650757742912646,1.0,Coronal,1,PF OA
72.55311076030279,-116.2292046294357,40.67529519299121,1.0,Coronal,1,PF OA
68.56032582612806,-116.67034717408644,39.930263648265836,1.0,Coronal,1,PF OA
73.22084653643192,-116.15769365459803,40.68756391803049,1.0,Coronal,1,PF OA
73.88858231256107,-116.08618267976036,40.699832643069776,1.0,Coronal,1,PF OA
74.55631808869022,-116.01467170492269,40.71210136810905,1.0,Coronal,1,PF OA
75.22405386481937,-115.94316073008503,40.72437009314834,1.0,Coronal,1,PF OA
75.89178964094852,-115.87164975524736,40.73663881818762,1.0,Coronal,1,PF OA
76.55952541707767,-115.80013878040968,40.748907543226906,1.0,Coronal,1,PF OA
66.55711849774062,-116.88488009859945,39.89345747314798,1.0,Coronal,1,PF OA
67.22485427386977,-116.81336912376179,39.90572619818727,1.0,Coronal,1,PF OA
67.89259004999893,-116.74185814892411,39.91799492322655,1.0,Coronal,1,PF OA
74.58357753389058,-116.03882509617219,39.36926297912968,1.0,Coronal,1,PF OA
75.91904908614887,-115.89580314649686,39.39380042920825,1.0,Coronal,1,PF OA
74.62446670169112,-116.07505518304646,37.35500539566062,1.0,Coronal,1,PF OA
67.2793731642705,-116.86167590626081,37.22004942022851,1.0,Coronal,1,PF OA
71.93989387457435,-116.34902238677238,37.977349689993176,1.0,Coronal,1,PF OA
72.6076296507035,-116.27751141193471,37.98961841503246,1.0,Coronal,1,PF OA
73.27536542683265,-116.20600043709705,38.001887140071744,1.0,Coronal,1,PF OA
98.7671495383103,-108.97872325165203,-67.77297148788449,1.0,Coronal,3,PF OA
89.40521894990205,-109.96780020375462,-67.27331444394476,1.0,Coronal,3,PF OA
97.56797521205381,-109.24251215757488,-74.5117008828599,1.0,Coronal,3,PF OA
96.90023943592466,-109.31402313241256,-74.52396960789918,1.0,Coronal,3,PF OA
96.23250365979551,-109.38553410725022,-74.53623833293847,1.0,Coronal,3,PF OA
95.56476788366638,-109.45704508208789,-74.54850705797774,1.0,Coronal,3,PF OA
94.89703210753723,-109.52855605692555,-74.56077578301702,1.0,Coronal,3,PF OA
94.22929633140807,-109.60006703176323,-74.57304450805631,1.0,Coronal,3,PF OA
93.56156055527892,-109.6715780066009,-74.58531323309559,1.0,Coronal,3,PF OA
92.89382477914977,-109.74308898143856,-74.59758195813488,1.0,Coronal,3,PF OA
92.22608900302062,-109.81459995627623,-74.60985068317416,1.0,Coronal,3,PF OA
91.55835322689148,-109.8861109311139,-74.62211940821344,1.0,Coronal,3,PF OA
90.89061745076233,-109.95762190595157,-74.63438813325273,1.0,Coronal,3,PF OA
90.22288167463319,-110.02913288078923,-74.646656858292,1.0,Coronal,3,PF OA
89.55514589850402,-110.1006438556269,-74.65892558333128,1.0,Coronal,3,PF OA
99.51666365004054,-108.97967245056287,-71.78921792978333,1.0,Coronal,3,PF OA
99.53029337264073,-108.99174914618763,-72.46063712427302,1.0,Coronal,3,PF OA
89.47336756290295,-110.02818368187839,-70.63041041639316,1.0,Coronal,3,PF OA
90.14110333903211,-109.95667270704072,-70.61814169135388,1.0,Coronal,3,PF OA
90.80883911516126,-109.88516173220306,-70.6058729663146,1.0,Coronal,3,PF OA
91.47657489129041,-109.8136507573654,-70.59360424127532,1.0,Coronal,3,PF OA
92.14431066741955,-109.74213978252772,-70.58133551623604,1.0,Coronal,3,PF OA
92.8120464435487,-109.67062880769005,-70.56906679119676,1.0,Coronal,3,PF OA
93.47978221967784,-109.59911783285239,-70.55679806615747,1.0,Coronal,3,PF OA
94.147517995807,-109.52760685801472,-70.54452934111819,1.0,Coronal,3,PF OA
94.81525377193616,-109.45609588317704,-70.5322606160789,1.0,Coronal,3,PF OA
95.4829895480653,-109.38458490833938,-70.51999189103962,1.0,Coronal,3,PF OA
96.15072532419444,-109.31307393350171,-70.50772316600035,1.0,Coronal,3,PF OA
96.81846110032359,-109.24156295866405,-70.49545444096105,1.0,Coronal,3,PF OA
97.48619687645274,-109.17005198382637,-70.48318571592178,1.0,Coronal,3,PF OA
98.15393265258189,-109.0985410089887,-70.4709169908825,1.0,Coronal,3,PF OA
98.23571098818296,-109.17100118273721,-74.49943215782062,1.0,Coronal,3,PF OA
98.9034467643121,-109.09949020789955,-74.48716343278133,1.0,Coronal,3,PF OA
99.57118254044126,-109.02797923306188,-74.47489470774205,1.0,Coronal,3,PF OA
89.43247839510241,-109.99195359500412,-68.6161528329241,1.0,Coronal,3,PF OA
98.11304348478134,-109.06231092211443,-68.45665940741344,1.0,Coronal,3,PF OA
97.4453077086522,-109.1338218969521,-68.46892813245272,1.0,Coronal,3,PF OA
96.77757193252305,-109.20533287178978,-68.481196857492,1.0,Coronal,3,PF OA
96.1098361563939,-109.27684384662744,-68.49346558253129,1.0,Coronal,3,PF OA
95.44210038026476,-109.34835482146511,-68.50573430757056,1.0,Coronal,3,PF OA
89.48699728550314,-110.04026037750313,-71.30182961088285,1.0,Coronal,3,PF OA
94.10662882800645,-109.49137677114045,-68.53027175764913,1.0,Coronal,3,PF OA
93.4388930518773,-109.56288774597812,-68.54254048268841,1.0,Coronal,3,PF OA
92.77115727574815,-109.63439872081578,-68.5548092077277,1.0,Coronal,3,PF OA
92.103421499619,-109.70590969565345,-68.56707793276698,1.0,Coronal,3,PF OA
91.43568572348987,-109.77742067049113,-68.57934665780625,1.0,Coronal,3,PF OA
90.76794994736072,-109.84893164532879,-68.59161538284555,1.0,Coronal,3,PF OA
90.10021417123157,-109.92044262016645,-68.60388410788482,1.0,Coronal,3,PF OA
89.5142567307035,-110.06441376875264,-72.64466799986225,1.0,Coronal,3,PF OA
98.86255759651156,-109.0632601210253,-72.4729058493123,1.0,Coronal,3,PF OA
90.18199250683266,-109.99290279391498,-72.63239927482297,1.0,Coronal,3,PF OA
90.8497282829618,-109.92139181907731,-72.6201305497837,1.0,Coronal,3,PF OA
91.51746405909095,-109.84988084423965,-72.6078618247444,1.0,Coronal,3,PF OA
92.18519983522009,-109.77836986940198,-72.59559309970513,1.0,Coronal,3,PF OA
92.85293561134924,-109.7068588945643,-72.58332437466585,1.0,Coronal,3,PF OA
93.52067138747839,-109.63534791972664,-72.57105564962656,1.0,Coronal,3,PF OA
94.18840716360754,-109.56383694488898,-72.55878692458728,1.0,Coronal,3,PF OA
94.8561429397367,-109.4923259700513,-72.54651819954799,1.0,Coronal,3,PF OA
95.52387871586585,-109.42081499521363,-72.53424947450871,1.0,Coronal,3,PF OA
96.19161449199498,-109.34930402037597,-72.52198074946944,1.0,Coronal,3,PF OA
96.85935026812413,-109.2777930455383,-72.50971202443014,1.0,Coronal,3,PF OA
97.52708604425328,-109.20628207070064,-72.49744329939087,1.0,Coronal,3,PF OA
98.19482182038243,-109.13477109586296,-72.48517457435159,1.0,Coronal,3,PF OA
98.82166842871102,-109.02703003415104,-70.45864826584321,1.0,Coronal,3,PF OA
90.07295472603121,-109.89628922891696,-67.26104571890548,1.0,Coronal,3,PF OA
99.47577448224001,-108.94344236368862,-69.77496034631427,1.0,Coronal,3,PF OA
90.74069050216036,-109.82477825407929,-67.2487769938662,1.0,Coronal,3,PF OA
98.8352981513112,-109.03910672977578,-71.1300674603329,1.0,Coronal,3,PF OA
98.16756237518207,-109.11061770461345,-71.14233618537219,1.0,Coronal,3,PF OA
97.49982659905292,-109.18212867945113,-71.15460491041146,1.0,Coronal,3,PF OA
96.83209082292377,-109.25363965428879,-71.16687363545074,1.0,Coronal,3,PF OA
96.16435504679463,-109.32515062912645,-71.17914236049003,1.0,Coronal,3,PF OA
95.49661927066549,-109.39666160396412,-71.19141108552931,1.0,Coronal,3,PF OA
94.82888349453634,-109.46817257880178,-71.20367981056859,1.0,Coronal,3,PF OA
94.16114771840718,-109.53968355363946,-71.21594853560788,1.0,Coronal,3,PF OA
93.49341194227803,-109.61119452847713,-71.22821726064716,1.0,Coronal,3,PF OA
92.82567616614888,-109.68270550331479,-71.24048598568645,1.0,Coronal,3,PF OA
92.15794039001973,-109.75421647815247,-71.25275471072572,1.0,Coronal,3,PF OA
91.4902046138906,-109.82572745299014,-71.265023435765,1.0,Coronal,3,PF OA
90.82246883776145,-109.8972384278278,-71.2772921608043,1.0,Coronal,3,PF OA
90.1547330616323,-109.96874940266547,-71.28956088584357,1.0,Coronal,3,PF OA
99.5439230952409,-109.00382584181239,-73.13205631876268,1.0,Coronal,3,PF OA
98.87618731911174,-109.07533681665005,-73.14432504380196,1.0,Coronal,3,PF OA
98.2084515429826,-109.14684779148772,-73.15659376884125,1.0,Coronal,3,PF OA
97.54071576685345,-109.2183587663254,-73.16886249388052,1.0,Coronal,3,PF OA
96.8729799907243,-109.28986974116306,-73.1811312189198,1.0,Coronal,3,PF OA
96.20524421459515,-109.36138071600072,-73.1933999439591,1.0,Coronal,3,PF OA
95.53750843846602,-109.43289169083839,-73.20566866899837,1.0,Coronal,3,PF OA
94.86977266233687,-109.50440266567605,-73.21793739403765,1.0,Coronal,3,PF OA
94.20203688620771,-109.57591364051373,-73.23020611907694,1.0,Coronal,3,PF OA
93.53430111007856,-109.6474246153514,-73.24247484411622,1.0,Coronal,3,PF OA
92.86656533394941,-109.71893559018906,-73.25474356915551,1.0,Coronal,3,PF OA
92.19882955782026,-109.79044656502674,-73.26701229419479,1.0,Coronal,3,PF OA
91.53109378169113,-109.8619575398644,-73.27928101923406,1.0,Coronal,3,PF OA
90.86335800556198,-109.93346851470207,-73.29154974427335,1.0,Coronal,3,PF OA
90.19562222943283,-110.00497948953974,-73.30381846931263,1.0,Coronal,3,PF OA
99.50303392744037,-108.96759575493812,-71.11779873529362,1.0,Coronal,3,PF OA
99.42125559183928,-108.8951355811896,-67.08928356835553,1.0,Coronal,3,PF OA
99.43488531443947,-108.90721227681436,-67.76070276284521,1.0,Coronal,3,PF OA
98.88981704171192,-109.08741351227481,-73.81574423829164,1.0,Coronal,3,PF OA
91.40842627828951,-109.75326727924163,-67.23650826882691,1.0,Coronal,3,PF OA
92.07616205441865,-109.68175630440396,-67.22423954378763,1.0,Coronal,3,PF OA
92.7438978305478,-109.61024532956628,-67.21197081874836,1.0,Coronal,3,PF OA
93.41163360667694,-109.53873435472862,-67.19970209370906,1.0,Coronal,3,PF OA
94.07936938280609,-109.46722337989095,-67.18743336866979,1.0,Coronal,3,PF OA
94.74710515893526,-109.39571240505327,-67.1751646436305,1.0,Coronal,3,PF OA
95.4148409350644,-109.32420143021561,-67.16289591859122,1.0,Coronal,3,PF OA
96.08257671119354,-109.25269045537794,-67.15062719355194,1.0,Coronal,3,PF OA
96.75031248732269,-109.18117948054028,-67.13835846851265,1.0,Coronal,3,PF OA
97.41804826345184,-109.10966850570261,-67.12608974347337,1.0,Coronal,3,PF OA
98.08578403958099,-109.03815753086494,-67.1138210184341,1.0,Coronal,3,PF OA
98.75351981571012,-108.96664655602727,-67.1015522933948,1.0,Coronal,3,PF OA
99.55755281784108,-109.01590253743714,-73.80347551325237,1.0,Coronal,3,PF OA
98.22208126558279,-109.15892448711247,-73.82801296333093,1.0,Coronal,3,PF OA
99.48940420484018,-108.95551905931337,-70.44637954080393,1.0,Coronal,3,PF OA
97.55434548945364,-109.23043546195015,-73.84028168837021,1.0,Coronal,3,PF OA
96.88660971332449,-109.30194643678782,-73.85255041340949,1.0,Coronal,3,PF OA
96.21887393719534,-109.37345741162548,-73.86481913844878,1.0,Coronal,3,PF OA
95.5511381610662,-109.44496838646315,-73.87708786348806,1.0,Coronal,3,PF OA
94.88340238493706,-109.51647936130081,-73.88935658852733,1.0,Coronal,3,PF OA
94.2156666088079,-109.58799033613849,-73.90162531356663,1.0,Coronal,3,PF OA
93.54793083267874,-109.65950131097615,-73.9138940386059,1.0,Coronal,3,PF OA
92.8801950565496,-109.73101228581382,-73.9261627636452,1.0,Coronal,3,PF OA
92.21245928042045,-109.8025232606515,-73.93843148868447,1.0,Coronal,3,PF OA
91.54472350429131,-109.87403423548916,-73.95070021372375,1.0,Coronal,3,PF OA
90.87698772816216,-109.94554521032683,-73.96296893876304,1.0,Coronal,3,PF OA
90.20925195203301,-110.01705618516449,-73.97523766380232,1.0,Coronal,3,PF OA
89.54151617590385,-110.08856716000216,-73.9875063888416,1.0,Coronal,3,PF OA
98.78077926091048,-108.99079994727677,-68.44439068237415,1.0,Coronal,3,PF OA
94.77436460413561,-109.41986579630277,-68.51800303260984,1.0,Coronal,3,PF OA
98.80803870611084,-109.01495333852628,-69.78722907135355,1.0,Coronal,3,PF OA
99.59844198564161,-109.0521326243114,-75.81773309672145,1.0,Coronal,3,PF OA
90.11384389383176,-109.93251931579121,-69.27530330237454,1.0,Coronal,3,PF OA
90.7815796699609,-109.86100834095355,-69.26303457733526,1.0,Coronal,3,PF OA
91.44931544609005,-109.78949736611588,-69.25076585229597,1.0,Coronal,3,PF OA
92.11705122221919,-109.7179863912782,-69.2384971272567,1.0,Coronal,3,PF OA
92.78478699834834,-109.64647541644054,-69.22622840221742,1.0,Coronal,3,PF OA
93.45252277447749,-109.57496444160287,-69.21395967717812,1.0,Coronal,3,PF OA
94.12025855060664,-109.50345346676521,-69.20169095213885,1.0,Coronal,3,PF OA
94.7879943267358,-109.43194249192753,-69.18942222709956,1.0,Coronal,3,PF OA
95.45573010286495,-109.36043151708986,-69.17715350206028,1.0,Coronal,3,PF OA
96.12346587899408,-109.2889205422522,-69.164884777021,1.0,Coronal,3,PF OA
96.79120165512323,-109.21740956741453,-69.15261605198171,1.0,Coronal,3,PF OA
97.45893743125238,-109.14589859257686,-69.14034732694243,1.0,Coronal,3,PF OA
98.12667320738153,-109.07438761773919,-69.12807860190316,1.0,Coronal,3,PF OA
98.79440898351066,-109.00287664290153,-69.11580987686386,1.0,Coronal,3,PF OA
99.46214475963983,-108.93136566806386,-69.10354115182459,1.0,Coronal,3,PF OA
89.39158922730188,-109.95572350812986,-66.60189524945507,1.0,Coronal,3,PF OA
90.05932500343104,-109.8842125332922,-66.58962652441579,1.0,Coronal,3,PF OA
90.72706077956019,-109.81270155845453,-66.57735779937651,1.0,Coronal,3,PF OA
126.66210739013451,-46.977688322869966,29.08598042152466,1.0,Axial,89,PF OA
145.36861391928252,-36.27005592264574,29.773836903363232,1.0,Axial,89,PF OA
141.32353744730943,-38.31163112107622,29.614006217152465,1.0,Axial,89,PF OA
142.74010307399104,-38.10321864461882,29.690491134080716,1.0,Axial,89,PF OA
144.15666870067264,-37.89480616816142,29.766976051008967,1.0,Axial,89,PF OA
145.57323432735427,-37.686393691704026,29.84346096793722,1.0,Axial,89,PF OA
146.98979995403585,-37.47798121524663,29.91994588486547,1.0,Axial,89,PF OA
146.18709555156954,-41.93540699887892,30.05233316165919,1.0,Axial,89,PF OA
144.7705299248879,-42.143819475336315,29.97584824473094,1.0,Axial,89,PF OA
143.35396429820628,-42.35223195179371,29.89936332780269,1.0,Axial,89,PF OA
141.9373986715247,-42.56064442825111,29.822878410874438,1.0,Axial,89,PF OA
140.52083304484302,-42.76905690470851,29.746393493946186,1.0,Axial,89,PF OA
139.10426741816144,-42.97746938116592,29.669908577017935,1.0,Axial,89,PF OA
137.6877017914798,-43.185881857623315,29.593423660089684,1.0,Axial,89,PF OA
136.27113616479818,-43.39429433408071,29.516938743161433,1.0,Axial,89,PF OA
134.8545705381166,-43.60270681053811,29.440453826233185,1.0,Axial,89,PF OA
133.43800491143497,-43.811119286995506,29.36396890930493,1.0,Axial,89,PF OA
139.90697182062777,-38.52004359753362,29.537521300224213,1.0,Axial,89,PF OA
138.49040619394617,-38.728456073991026,29.461036383295962,1.0,Axial,89,PF OA
137.07384056726457,-38.93686855044842,29.38455146636771,1.0,Axial,89,PF OA
147.60366117825112,-41.72699452242152,30.128818078587443,1.0,Axial,89,PF OA
140.00928202466366,-39.22821248206278,29.572333332511214,1.0,Axial,89,PF OA
141.4258476513453,-39.019800005605376,29.648818249439465,1.0,Axial,89,PF OA
142.84241327802692,-38.81138752914798,29.725303166367716,1.0,Axial,89,PF OA
144.2589789047085,-38.60297505269058,29.801788083295968,1.0,Axial,89,PF OA
145.67554453139013,-38.394562576233184,29.87827300022422,1.0,Axial,89,PF OA
147.0921101580717,-38.18615009977579,29.954757917152467,1.0,Axial,89,PF OA
125.74131555381163,-40.604168362107615,28.7726721309417,1.0,Axial,89,PF OA
135.65727494058294,-39.14528102690582,29.30806654943946,1.0,Axial,89,PF OA
127.15788118049326,-40.39575588565022,28.849157047869955,1.0,Axial,89,PF OA
128.5744468071749,-40.18734340919281,28.925641964798206,1.0,Axial,89,PF OA
129.9910124338565,-39.978930932735416,29.002126881726458,1.0,Axial,89,PF OA
131.4075780605381,-39.77051845627801,29.07861179865471,1.0,Axial,89,PF OA
132.82414368721973,-39.562105979820615,29.155096715582957,1.0,Axial,89,PF OA
134.24070931390136,-39.35369350336322,29.23158163251121,1.0,Axial,89,PF OA
132.02143928475334,-44.0195317634529,29.287483992376682,1.0,Axial,89,PF OA
130.60487365807177,-44.22794423991031,29.21099907544843,1.0,Axial,89,PF OA
129.18830803139014,-44.436356716367705,29.13451415852018,1.0,Axial,89,PF OA
132.61952327914798,-38.14576821076233,29.08547265100897,1.0,Axial,89,PF OA
147.70597138228698,-42.43516340695068,30.16363011087444,1.0,Axial,89,PF OA
125.53669514573988,-39.18783059304933,28.703048066367714,1.0,Axial,89,PF OA
126.95326077242152,-38.97941811659193,28.779532983295965,1.0,Axial,89,PF OA
128.36982639910315,-38.771005640134526,28.856017900224217,1.0,Axial,89,PF OA
129.78639202578475,-38.56259316367713,28.932502817152468,1.0,Axial,89,PF OA
131.20295765246635,-38.354180687219724,29.00898773408072,1.0,Axial,89,PF OA
134.03608890582962,-37.93735573430493,29.161957567937222,1.0,Axial,89,PF OA
146.88748975,-36.7698123307175,29.885133852578477,1.0,Axial,89,PF OA
135.4526545325112,-37.72894325784753,29.238442484865473,1.0,Axial,89,PF OA
136.86922015919282,-37.520530781390136,29.314927401793724,1.0,Axial,89,PF OA
138.28578578587442,-37.31211830493274,29.391412318721976,1.0,Axial,89,PF OA
139.70235141255603,-37.103705828475334,29.467897235650227,1.0,Axial,89,PF OA
141.1189170392377,-36.89529335201793,29.54438215257848,1.0,Axial,89,PF OA
142.5354826659193,-36.68688087556053,29.62086706950673,1.0,Axial,89,PF OA
147.39904077017934,-40.31065675336323,30.059194014013453,1.0,Axial,89,PF OA
145.4709241233184,-36.9782248071749,29.808648935650226,1.0,Axial,89,PF OA
127.77174240470852,-44.64476919282511,29.058029241591928,1.0,Axial,89,PF OA
132.72183348318384,-38.853937095291485,29.120284683295964,1.0,Axial,89,PF OA
126.35517677802689,-44.853181669282506,28.981544324663673,1.0,Axial,89,PF OA
125.63900534977576,-39.895999477578485,28.737860098654707,1.0,Axial,89,PF OA
127.05557097645739,-39.68758700112109,28.814345015582962,1.0,Axial,89,PF OA
128.472136603139,-39.479174524663684,28.890829932511213,1.0,Axial,89,PF OA
129.88870222982064,-39.27076204820629,28.967314849439465,1.0,Axial,89,PF OA
131.3052678565022,-39.06234957174888,29.043799766367716,1.0,Axial,89,PF OA
134.13839910986547,-38.64552461883409,29.19676960022422,1.0,Axial,89,PF OA
144.05435849663678,-37.186637283632294,29.732164018721974,1.0,Axial,89,PF OA
135.55496473654705,-38.43711214237669,29.273254517152466,1.0,Axial,89,PF OA
136.97153036322868,-38.228699665919294,29.349739434080718,1.0,Axial,89,PF OA
138.3880959899103,-38.0202871894619,29.42622435100897,1.0,Axial,89,PF OA
139.8046616165919,-37.81187471300449,29.50270926793722,1.0,Axial,89,PF OA
141.22122724327357,-37.60346223654709,29.57919418486547,1.0,Axial,89,PF OA
142.63779286995515,-37.39504976008969,29.655679101793723,1.0,Axial,89,PF OA
138.59271639798203,-39.436624958520184,29.495848415582962,1.0,Axial,89,PF OA
137.17615077130046,-39.64503743497758,29.41936349865471,1.0,Axial,89,PF OA
135.75958514461882,-39.85344991143498,29.34287858172646,1.0,Axial,89,PF OA
140.2139024327354,-40.64455025112108,29.6419573970852,1.0,Axial,89,PF OA
131.71450867264574,-41.89502510986547,29.183047895515696,1.0,Axial,89,PF OA
133.13107429932737,-41.686612633408075,29.259532812443943,1.0,Axial,89,PF OA
134.547639926009,-41.47820015695068,29.336017729372198,1.0,Axial,89,PF OA
135.96420555269057,-41.26978768049328,29.412502646300446,1.0,Axial,89,PF OA
137.3807711793722,-41.06137520403588,29.488987563228697,1.0,Axial,89,PF OA
138.7973368060538,-40.852962727578486,29.56547248015695,1.0,Axial,89,PF OA
141.63046805941707,-40.43613777466368,29.71844231401345,1.0,Axial,89,PF OA
128.88137741928253,-42.31185006278027,29.030078061659193,1.0,Axial,89,PF OA
143.04703368609867,-40.22772529820628,29.794927230941703,1.0,Axial,89,PF OA
144.46359931278027,-40.01931282174888,29.871412147869954,1.0,Axial,89,PF OA
145.8801649394619,-39.810900345291486,29.947897064798205,1.0,Axial,89,PF OA
147.29673056614348,-39.60248786883409,30.024381981726457,1.0,Axial,89,PF OA
147.50135097421523,-41.01882563789239,30.09400604630045,1.0,Axial,89,PF OA
125.94593596188338,-42.02050613116592,28.842296195515694,1.0,Axial,89,PF OA
130.29794304596413,-42.103437586322876,29.106562978587444,1.0,Axial,89,PF OA
127.4648117926009,-42.52026253923768,28.95359314473094,1.0,Axial,89,PF OA
128.77906721524664,-41.603681178251115,28.995266029372196,1.0,Axial,89,PF OA
136.06651575672646,-41.977956565022424,29.447314678587446,1.0,Axial,89,PF OA
144.56590951681613,-40.72748170627803,29.906224180156954,1.0,Axial,89,PF OA
143.14934389013456,-40.935894182735424,29.829739263228703,1.0,Axial,89,PF OA
141.73277826345293,-41.14430665919282,29.75325434630045,1.0,Axial,89,PF OA
140.3162126367713,-41.352719135650226,29.6767694293722,1.0,Axial,89,PF OA
138.89964701008967,-41.56113161210763,29.60028451244395,1.0,Axial,89,PF OA
137.4830813834081,-41.76954408856503,29.523799595515698,1.0,Axial,89,PF OA
134.64995013004489,-42.18636904147982,29.370829761659195,1.0,Axial,89,PF OA
126.04824616591927,-42.728675015695075,28.877108227802687,1.0,Axial,89,PF OA
133.23338450336325,-42.39478151793722,29.294344844730944,1.0,Axial,89,PF OA
131.81681887668162,-42.603193994394616,29.217859927802692,1.0,Axial,89,PF OA
130.40025325,-42.81160647085202,29.14137501087444,1.0,Axial,89,PF OA
128.98368762331842,-43.02001894730942,29.06489009394619,1.0,Axial,89,PF OA
127.56712199663677,-43.22843142376682,28.98840517701794,1.0,Axial,89,PF OA
126.15055636995514,-43.43684390022422,28.911920260089687,1.0,Axial,89,PF OA
127.36250158856501,-41.81209365470852,28.918781112443945,1.0,Axial,89,PF OA
130.19563284192824,-41.39526870179372,29.071750946300448,1.0,Axial,89,PF OA
134.34301951793725,-40.061862387892376,29.26639366479821,1.0,Axial,89,PF OA
127.66943220067265,-43.93660030829598,29.023217209304935,1.0,Axial,89,PF OA
136.16882596076232,-42.68612544955158,29.48212671087444,1.0,Axial,89,PF OA
134.75226033408074,-42.89453792600898,29.40564179394619,1.0,Axial,89,PF OA
133.3356947073991,-43.10295040246638,29.329156877017937,1.0,Axial,89,PF OA
131.91912908071748,-43.311362878923774,29.25267196008969,1.0,Axial,89,PF OA
130.50256345403588,-43.51977535538118,29.176187043161438,1.0,Axial,89,PF OA
129.08599782735428,-43.728187831838575,29.099702126233186,1.0,Axial,89,PF OA
126.25286657399101,-44.145012784753376,28.94673229237668,1.0,Axial,89,PF OA
139.00195721412555,-42.26930049663679,29.635096544730942,1.0,Axial,89,PF OA
125.8436257578475,-41.31233724663677,28.8074841632287,1.0,Axial,89,PF OA
127.26019138452914,-41.103924770179376,28.88396908015695,1.0,Axial,89,PF OA
128.67675701121078,-40.89551229372197,28.960453997085203,1.0,Axial,89,PF OA
130.09332263789236,-40.687099817264574,29.036938914013454,1.0,Axial,89,PF OA
131.509888264574,-40.47868734080717,29.113423830941706,1.0,Axial,89,PF OA
132.92645389125562,-40.27027486434977,29.189908747869957,1.0,Axial,89,PF OA
137.58539158744395,-42.477712973094185,29.55861162780269,1.0,Axial,89,PF OA
140.41852284080716,-42.060888020179384,29.711581461659193,1.0,Axial,89,PF OA
131.61219846860985,-41.186856225336314,29.1482358632287,1.0,Axial,89,PF OA
141.52815785538118,-39.72796889013452,29.683630281726458,1.0,Axial,89,PF OA
133.02876409529148,-40.97844374887892,29.22472078015695,1.0,Axial,89,PF OA
134.4453297219731,-40.77003127242152,29.3012056970852,1.0,Axial,89,PF OA
135.86189534865468,-40.56161879596412,29.377690614013453,1.0,Axial,89,PF OA
137.27846097533632,-40.353206319506725,29.454175530941704,1.0,Axial,89,PF OA
138.69502660201792,-40.14479384304933,29.530660447869955,1.0,Axial,89,PF OA
140.11159222869952,-39.936381366591924,29.607145364798207,1.0,Axial,89,PF OA
142.94472348206278,-39.51955641367712,29.76011519865471,1.0,Axial,89,PF OA
141.83508846748882,-41.85247554372198,29.788066378587445,1.0,Axial,89,PF OA
144.3612891087444,-39.311143937219725,29.83660011558296,1.0,Axial,89,PF OA
145.77785473542602,-39.10273146076233,29.913085032511212,1.0,Axial,89,PF OA
147.1944203621076,-38.89431898430493,29.98956994943946,1.0,Axial,89,PF OA
146.08478534753365,-41.22723811434979,30.0175211293722,1.0,Axial,89,PF OA
144.66821972085202,-41.435650590807185,29.941036212443947,1.0,Axial,89,PF OA
143.25165409417042,-41.64406306726458,29.864551295515696,1.0,Axial,89,PF OA
143.9520482926009,-36.478468399103136,29.69735198643498,1.0,Axial,89,PF OA
145.98247514349777,-40.51906922982063,29.982709097085205,1.0,Axial,89,PF OA
146.7851795459641,-36.06164344618834,29.85032182029148,1.0,Axial,89,PF OA
129.47946141367714,-36.4380865100897,28.82806672029148,1.0,Axial,89,PF OA
129.3929284394619,-45.85269448542601,29.204138223094173,1.0,Axial,89,PF OA
127.97636281278027,-46.06110696188341,29.12765330616592,1.0,Axial,89,PF OA
126.55979718609863,-46.26951943834081,29.051168389237667,1.0,Axial,89,PF OA
96.14941333856501,-95.00754578251122,26.193894518609866,1.0,Axial,84,PF OA
102.02029625336323,-95.59023364573993,26.56945825089686,1.0,Axial,84,PF OA
107.89117916816141,-96.17292150896861,26.945021983183857,1.0,Axial,84,PF OA
106.47461354147981,-96.38133398542602,26.868537066255605,1.0,Axial,84,PF OA
105.05804791479821,-96.58974646188341,26.792052149327354,1.0,Axial,84,PF OA
103.6414822881166,-96.79815893834082,26.715567232399103,1.0,Axial,84,PF OA
101.09950441704036,-89.21671368497759,26.256149960313902,1.0,Axial,84,PF OA
102.516070043722,-89.0083012085202,26.332634877242157,1.0,Axial,84,PF OA
103.9326356704036,-88.79988873206278,26.409119794170408,1.0,Axial,84,PF OA
105.3492012970852,-88.5914762556054,26.485604711098656,1.0,Axial,84,PF OA
106.7657669237668,-88.38306377914799,26.562089628026907,1.0,Axial,84,PF OA
102.20913943161437,-86.88379455493275,26.22819878038117,1.0,Axial,84,PF OA
100.79257380493274,-87.09220703139015,26.151713863452915,1.0,Axial,84,PF OA
99.37600817825111,-87.30061950784754,26.075228946524664,1.0,Axial,84,PF OA
97.95944255156951,-87.50903198430494,25.998744029596416,1.0,Axial,84,PF OA
96.5428769248879,-87.71744446076235,25.922259112668165,1.0,Axial,84,PF OA
95.12631129820628,-87.92585693721975,25.845774195739914,1.0,Axial,84,PF OA
93.70974567152464,-88.13426941367715,25.76928927881166,1.0,Axial,84,PF OA
92.29318004484304,-88.34268189013454,25.692804361883407,1.0,Axial,84,PF OA
90.87661441816144,-88.55109436659194,25.61631944495516,1.0,Axial,84,PF OA
89.46004879147984,-88.75950684304934,25.53983452802691,1.0,Axial,84,PF OA
88.04348316479823,-88.96791931950673,25.463349611098657,1.0,Axial,84,PF OA
86.6269175381166,-89.17633179596413,25.386864694170406,1.0,Axial,84,PF OA
108.89850397869952,-93.13183349439464,26.88225877096412,1.0,Axial,84,PF OA
107.48193835201792,-93.34024597085204,26.805773854035873,1.0,Axial,84,PF OA
106.06537272533632,-93.54865844730944,26.729288937107622,1.0,Axial,84,PF OA
104.64880709865471,-93.75707092376683,26.652804020179374,1.0,Axial,84,PF OA
103.23224147197311,-93.96548340022423,26.576319103251123,1.0,Axial,84,PF OA
101.81567584529148,-94.17389587668163,26.499834186322868,1.0,Axial,84,PF OA
100.39911021860985,-94.38230835313902,26.423349269394617,1.0,Axial,84,PF OA
98.98254459192825,-94.59072082959642,26.34686435246637,1.0,Axial,84,PF OA
109.30774479484302,-95.96450903251122,27.021506900112108,1.0,Axial,84,PF OA
100.6037306266816,-95.79864612219733,26.49297333396861,1.0,Axial,84,PF OA
108.18233255044841,-88.17465130269059,26.638574544955155,1.0,Axial,84,PF OA
99.187165,-96.00705859865472,26.416488417040362,1.0,Axial,84,PF OA
99.68293879035873,-89.42512616143499,26.17966504338565,1.0,Axial,84,PF OA
87.85463998654708,-97.67435841031391,25.804609081614352,1.0,Axial,84,PF OA
89.27120561322872,-97.46594593385652,25.881093998542603,1.0,Axial,84,PF OA
90.68777123991032,-97.25753345739912,25.957578915470854,1.0,Axial,84,PF OA
92.10433686659192,-97.04912098094172,26.034063832399106,1.0,Axial,84,PF OA
93.52090249327352,-96.84070850448433,26.110548749327354,1.0,Axial,84,PF OA
108.79619377466365,-92.42366460986548,26.847446738677128,1.0,Axial,84,PF OA
107.37962814798205,-92.63207708632288,26.77096182174888,1.0,Axial,84,PF OA
107.87540193834079,-86.05014464910315,26.53413844809417,1.0,Axial,84,PF OA
106.45883631165918,-86.25855712556054,26.45765353116592,1.0,Axial,84,PF OA
105.96306252130044,-92.84048956278029,26.69447690482063,1.0,Axial,84,PF OA
104.54649689461884,-93.04890203923767,26.61799198789238,1.0,Axial,84,PF OA
103.12993126793724,-93.25731451569509,26.54150707096413,1.0,Axial,84,PF OA
101.7133656412556,-93.46572699215248,26.465022154035875,1.0,Axial,84,PF OA
100.29680001457398,-93.67413946860988,26.388537237107624,1.0,Axial,84,PF OA
98.88023438789237,-93.88255194506728,26.312052320179376,1.0,Axial,84,PF OA
97.46366876121077,-94.09096442152469,26.235567403251125,1.0,Axial,84,PF OA
96.04710313452914,-94.29937689798209,26.159082486322873,1.0,Axial,84,PF OA
94.6305375078475,-94.50778937443948,26.08259756939462,1.0,Axial,84,PF OA
93.2139718811659,-94.71620185089688,26.006112652466367,1.0,Axial,84,PF OA
91.7974062544843,-94.92461432735428,25.92962773553812,1.0,Axial,84,PF OA
90.3808406278027,-95.13302680381167,25.853142818609868,1.0,Axial,84,PF OA
88.9642750011211,-95.34143928026907,25.776657901681617,1.0,Axial,84,PF OA
87.54770937443946,-95.54985175672647,25.700172984753365,1.0,Axial,84,PF OA
94.93746811995513,-96.63229602802693,26.187033666255605,1.0,Axial,84,PF OA
96.35403374663676,-96.42388355156953,26.26351858318386,1.0,Axial,84,PF OA
105.04227068497758,-86.46696960201795,26.38116861423767,1.0,Axial,84,PF OA
103.62570505829598,-86.67538207847534,26.30468369730942,1.0,Axial,84,PF OA
97.77059937331839,-96.21547107511213,26.34000350011211,1.0,Axial,84,PF OA
97.56597896524664,-94.79913330605382,26.270379435538118,1.0,Axial,84,PF OA
94.73284771188338,-95.21595825896863,26.11740960168161,1.0,Axial,84,PF OA
96.84980753699553,-89.8419511143498,26.02669520952915,1.0,Axial,84,PF OA
103.43686188004486,-95.38182116928253,26.645943167825116,1.0,Axial,84,PF OA
106.26999313340806,-94.96499621636774,26.798913001681615,1.0,Axial,84,PF OA
107.68655876008967,-94.75658373991033,26.875397918609867,1.0,Axial,84,PF OA
109.0008141827354,-93.84000237892377,26.91707080325112,1.0,Axial,84,PF OA
107.5842485560538,-94.04841485538117,26.84058588632287,1.0,Axial,84,PF OA
106.16768292937219,-94.25682733183858,26.76410096939462,1.0,Axial,84,PF OA
104.75111730269059,-94.46523980829596,26.687616052466367,1.0,Axial,84,PF OA
103.33455167600899,-94.67365228475337,26.611131135538116,1.0,Axial,84,PF OA
101.91798604932735,-94.88206476121077,26.534646218609865,1.0,Axial,84,PF OA
100.50142042264572,-95.09047723766817,26.458161301681614,1.0,Axial,84,PF OA
99.08485479596412,-95.29888971412556,26.381676384753362,1.0,Axial,84,PF OA
97.66828916928252,-95.50730219058298,26.30519146782511,1.0,Axial,84,PF OA
96.25172354260089,-95.71571466704037,26.22870655089686,1.0,Axial,84,PF OA
94.83515791591925,-95.92412714349777,26.152221633968608,1.0,Axial,84,PF OA
93.41859228923765,-96.13253961995517,26.075736717040357,1.0,Axial,84,PF OA
92.00202666255605,-96.34095209641256,25.999251800112106,1.0,Axial,84,PF OA
90.58546103587445,-96.54936457286996,25.922766883183858,1.0,Axial,84,PF OA
89.16889540919284,-96.75777704932736,25.846281966255606,1.0,Axial,84,PF OA
87.75232978251121,-96.96618952578476,25.769797049327355,1.0,Axial,84,PF OA
86.83153794618835,-90.59266956502242,25.456488758744396,1.0,Axial,84,PF OA
88.24810357286998,-90.38425708856502,25.532973675672647,1.0,Axial,84,PF OA
89.66466919955158,-90.17584461210762,25.609458592600898,1.0,Axial,84,PF OA
91.08123482623319,-89.96743213565023,25.685943509529146,1.0,Axial,84,PF OA
92.49780045291479,-89.75901965919283,25.762428426457397,1.0,Axial,84,PF OA
93.91436607959639,-89.55060718273543,25.83891334338565,1.0,Axial,84,PF OA
95.33093170627802,-89.34219470627804,25.9153982603139,1.0,Axial,84,PF OA
96.74749733295965,-89.13378222982064,25.99188317724215,1.0,Axial,84,PF OA
98.16406295964126,-88.92536975336323,26.068368094170403,1.0,Axial,84,PF OA
99.58062858632286,-88.71695727690583,26.144853011098654,1.0,Axial,84,PF OA
109.10312438677127,-94.54817126345293,26.951882835538115,1.0,Axial,84,PF OA
104.85342750672646,-95.17340869282512,26.722428084753368,1.0,Axial,84,PF OA
88.05926039461883,-99.0906961793722,25.87423314618834,1.0,Axial,84,PF OA
93.31628208520178,-95.42437073542602,26.04092468475336,1.0,Axial,84,PF OA
89.47582602130046,-98.8822837029148,25.950718063116593,1.0,Axial,84,PF OA
91.89971645852017,-95.63278321188342,25.964439767825112,1.0,Axial,84,PF OA
90.48315083183857,-95.84119568834082,25.88795485089686,1.0,Axial,84,PF OA
89.06658520515697,-96.04960816479822,25.81146993396861,1.0,Axial,84,PF OA
87.65001957847534,-96.25802064125561,25.73498501704036,1.0,Axial,84,PF OA
102.22491666143497,-97.00657141479822,26.63908231547085,1.0,Axial,84,PF OA
100.80835103475334,-97.21498389125561,26.5625973985426,1.0,Axial,84,PF OA
99.39178540807174,-97.42339636771301,26.48611248161435,1.0,Axial,84,PF OA
97.97521978139014,-97.63180884417042,26.409627564686097,1.0,Axial,84,PF OA
107.97771214237666,-86.7583135336323,26.56895048038116,1.0,Axial,84,PF OA
106.56114651569506,-86.9667260100897,26.492465563452914,1.0,Axial,84,PF OA
105.14458088901345,-87.17513848654711,26.415980646524662,1.0,Axial,84,PF OA
103.72801526233185,-87.3835509630045,26.339495729596415,1.0,Axial,84,PF OA
102.31144963565025,-87.5919634394619,26.263010812668163,1.0,Axial,84,PF OA
100.89488400896862,-87.8003759159193,26.18652589573991,1.0,Axial,84,PF OA
99.47831838228699,-88.0087883923767,26.110040978811657,1.0,Axial,84,PF OA
98.06175275560538,-88.2172008688341,26.03355606188341,1.0,Axial,84,PF OA
96.64518712892378,-88.42561334529151,25.957071144955158,1.0,Axial,84,PF OA
95.22862150224215,-88.6340258217489,25.880586228026907,1.0,Axial,84,PF OA
93.81205587556052,-88.8424382982063,25.804101311098652,1.0,Axial,84,PF OA
92.39549024887891,-89.0508507746637,25.7276163941704,1.0,Axial,84,PF OA
90.97892462219731,-89.2592632511211,25.651131477242153,1.0,Axial,84,PF OA
96.5586541547085,-97.84022132062782,26.333142647757846,1.0,Axial,84,PF OA
89.56235899551571,-89.4676757275785,25.5746465603139,1.0,Axial,84,PF OA
88.1457933688341,-89.67608820403589,25.49816164338565,1.0,Axial,84,PF OA
86.72922774215247,-89.88450068049329,25.4216767264574,1.0,Axial,84,PF OA
95.14208852802687,-98.04863379708522,26.256657730829595,1.0,Axial,84,PF OA
93.72552290134527,-98.25704627354261,26.180172813901343,1.0,Axial,84,PF OA
92.30895727466367,-98.46545875000001,26.103687896973092,1.0,Axial,84,PF OA
90.89239164798207,-98.67387122645741,26.027202980044844,1.0,Axial,84,PF OA
98.26637316367713,-89.63353863789239,26.103180126457403,1.0,Axial,84,PF OA
95.4332419103139,-90.0503635908072,25.9502102926009,1.0,Axial,84,PF OA
87.95695019058296,-98.38252729484306,25.839421113901345,1.0,Axial,84,PF OA
94.32360689573989,-92.38328272085204,25.978161472533632,1.0,Axial,84,PF OA
102.1226064573991,-96.29840253026907,26.604270283183855,1.0,Axial,84,PF OA
100.70604083071747,-96.50681500672647,26.527785366255603,1.0,Axial,84,PF OA
99.28947520403587,-96.71522748318387,26.451300449327356,1.0,Axial,84,PF OA
108.48926316255603,-90.29915795627804,26.74301064181614,1.0,Axial,84,PF OA
107.07269753587443,-90.50757043273543,26.666525724887894,1.0,Axial,84,PF OA
105.65613190919282,-90.71598290919285,26.590040807959642,1.0,Axial,84,PF OA
104.23956628251122,-90.92439538565023,26.513555891031395,1.0,Axial,84,PF OA
102.82300065582962,-91.13280786210764,26.437070974103143,1.0,Axial,84,PF OA
101.40643502914799,-91.34122033856504,26.36058605717489,1.0,Axial,84,PF OA
99.98986940246635,-91.54963281502243,26.284101140246637,1.0,Axial,84,PF OA
98.57330377578475,-91.75804529147983,26.20761622331839,1.0,Axial,84,PF OA
97.15673814910315,-91.96645776793724,26.131131306390138,1.0,Axial,84,PF OA
95.74017252242152,-92.17487024439464,26.054646389461887,1.0,Axial,84,PF OA
92.90704126905828,-92.59169519730943,25.90167655560538,1.0,Axial,84,PF OA
104.95573771076234,-95.88157757735428,26.75724011704036,1.0,Axial,84,PF OA
91.49047564237668,-92.80010767376683,25.825191638677133,1.0,Axial,84,PF OA
